FieldName,year,data_value
Accounts payable,2007-12,282.0
Accounts payable,2009-12,216.0
Accounts payable,2010-12,483.0
Accounts payable,2004-12,33.0
Accounts payable,2011-12,588.0
Accounts payable,2012-12,2012.0
Accounts payable,2006-12,211.0
Accounts payable,2008-12,178.0
Accounts payable,2013-12,2453.0
Accounts payable,2005-12,116.0
Accrued liabilities,2011-12,4356.0
Accrued liabilities,2005-12,529.0
Accrued liabilities,2008-12,1824.0
Accrued liabilities,2007-12,1575.0
Accrued liabilities,2010-12,3256.0
Accrued liabilities,2006-12,988.0
Accrued liabilities,2009-12,2247.0
Accrued liabilities,2012-12,6968.0
Accrued liabilities,2013-12,7986.0
Accrued liabilities,2004-12,269.0
Accumulated Depreciation,2004-12,-204.0
Accumulated Depreciation,2007-12,-1481.0
Accumulated Depreciation,2011-12,-4797.0
Accumulated Depreciation,2008-12,-2342.0
Accumulated Depreciation,2006-12,-894.0
Accumulated Depreciation,2005-12,-456.0
Accumulated Depreciation,2013-12,-7313.0
Accumulated Depreciation,2012-12,-5843.0
Accumulated Depreciation,2009-12,-3286.0
Accumulated Depreciation,2010-12,-4012.0
Accumulated other comprehensive income,2009-12,105.0
Accumulated other comprehensive income,2006-12,23.0
Accumulated other comprehensive income,2008-12,227.0
Accumulated other comprehensive income,2012-12,538.0
Accumulated other comprehensive income,2004-12,-244.0
Accumulated other comprehensive income,2005-12,-115.0
Accumulated other comprehensive income,2011-12,276.0
Accumulated other comprehensive income,2013-12,125.0
Accumulated other comprehensive income,2007-12,113.0
Accumulated other comprehensive income,2010-12,138.0
Additional paid-in capital,2010-12,
Additional paid-in capital,2008-12,14450.0
Additional paid-in capital,2005-12,7478.0
Additional paid-in capital,2006-12,11883.0
Additional paid-in capital,2011-12,
Additional paid-in capital,2009-12,15817.0
Additional paid-in capital,2007-12,13241.0
Additional paid-in capital,2013-12,
Additional paid-in capital,2012-12,
Additional paid-in capital,2004-12,2582.0
Assets,2013-12,
Assets,2007-12,
Assets,2005-12,
Assets,2010-12,
Assets,2011-12,
Assets,2006-12,
Assets,2004-12,
Assets,2012-12,
Assets,2009-12,
Assets,2008-12,
Cash,2013-12,
Cash,2010-12,
Cash,2009-12,
Cash,2005-12,
Cash,2008-12,
Cash,2004-12,
Cash,2011-12,
Cash,2007-12,
Cash,2012-12,
Cash,2006-12,
Cash and cash equivalents,2012-12,14778.0
Cash and cash equivalents,2007-12,6082.0
Cash and cash equivalents,2009-12,10198.0
Cash and cash equivalents,2008-12,8657.0
Cash and cash equivalents,2013-12,18898.0
Cash and cash equivalents,2005-12,3877.0
Cash and cash equivalents,2006-12,3545.0
Cash and cash equivalents,2004-12,427.0
Cash and cash equivalents,2010-12,13630.0
Cash and cash equivalents,2011-12,9983.0
Common stock,2011-12,20264.0
Common stock,2009-12,0.0
Common stock,2008-12,0.0
Common stock,2010-12,18235.0
Common stock,2012-12,22835.0
Common stock,2004-12,0.0
Common stock,2006-12,0.0
Common stock,2007-12,0.0
Common stock,2013-12,25922.0
Common stock,2005-12,0.0
Current assets,2012-12,
Current assets,2011-12,
Current assets,2007-12,
Current assets,2010-12,
Current assets,2008-12,
Current assets,2009-12,
Current assets,2005-12,
Current assets,2013-12,
Current assets,2006-12,
Current assets,2004-12,
Current liabilities,2009-12,
Current liabilities,2012-12,
Current liabilities,2008-12,
Current liabilities,2010-12,
Current liabilities,2011-12,
Current liabilities,2007-12,
Current liabilities,2004-12,
Current liabilities,2006-12,
Current liabilities,2013-12,
Current liabilities,2005-12,
Deferred income taxes,2005-12,
Deferred income taxes,2013-12,1526.0
Deferred income taxes,2013-12,
Deferred income taxes,2007-12,33.0
Deferred income taxes,2004-12,19.0
Deferred income taxes,2010-12,259.0
Deferred income taxes,2006-12,
Deferred income taxes,2004-12,12.0
Deferred income taxes,2011-12,215.0
Deferred income taxes,2007-12,69.0
Deferred income taxes,2008-12,
Deferred income taxes,2010-12,265.0
Deferred income taxes,2012-12,1144.0
Deferred income taxes,2005-12,49.0
Deferred income taxes,2009-12,263.0
Deferred income taxes,2012-12,
Deferred income taxes,2011-12,
Deferred income taxes,2006-12,30.0
Deferred income taxes,2009-12,644.0
Deferred income taxes,2008-12,286.0
Deferred revenues,2010-12,394.0
Deferred revenues,2008-12,
Deferred revenues,2008-12,218.0
Deferred revenues,2013-12,139.0
Deferred revenues,2013-12,1062.0
Deferred revenues,2004-12,37.0
Deferred revenues,2004-12,
Deferred revenues,2012-12,100.0
Deferred revenues,2012-12,895.0
Deferred revenues,2005-12,73.0
Deferred revenues,2005-12,
Deferred revenues,2011-12,44.0
Deferred revenues,2011-12,547.0
Deferred revenues,2006-12,105.0
Deferred revenues,2006-12,
Deferred revenues,2010-12,35.0
Deferred revenues,2007-12,178.0
Deferred revenues,2009-12,42.0
Deferred revenues,2007-12,
Deferred revenues,2009-12,285.0
Deferred taxes liabilities,2006-12,40.0
Deferred taxes liabilities,2011-12,287.0
Deferred taxes liabilities,2005-12,35.0
Deferred taxes liabilities,2013-12,1947.0
Deferred taxes liabilities,2004-12,
Deferred taxes liabilities,2008-12,13.0
Deferred taxes liabilities,2007-12,
Deferred taxes liabilities,2012-12,1872.0
Deferred taxes liabilities,2009-12,
Deferred taxes liabilities,2010-12,
Equity and other investments,2008-12,
Equity and other investments,2010-12,523.0
Equity and other investments,2007-12,
Equity and other investments,2009-12,129.0
Equity and other investments,2004-12,
Equity and other investments,2011-12,790.0
Equity and other investments,2005-12,
Equity and other investments,2012-12,1469.0
Equity and other investments,2013-12,1976.0
Equity and other investments,2006-12,
Goodwill,2006-12,1545.0
Goodwill,2013-12,11492.0
Goodwill,2008-12,4840.0
Goodwill,2010-12,6256.0
Goodwill,2007-12,2299.0
Goodwill,2011-12,7346.0
Goodwill,2012-12,10537.0
Goodwill,2005-12,
Goodwill,2004-12,
Goodwill,2009-12,4903.0
"Gross property, plant and equipment",2006-12,3290.0
"Gross property, plant and equipment",2010-12,11771.0
"Gross property, plant and equipment",2013-12,23837.0
"Gross property, plant and equipment",2009-12,8130.0
"Gross property, plant and equipment",2008-12,7576.0
"Gross property, plant and equipment",2007-12,5520.0
"Gross property, plant and equipment",2005-12,1417.0
"Gross property, plant and equipment",2012-12,17697.0
"Gross property, plant and equipment",2004-12,583.0
"Gross property, plant and equipment",2011-12,14400.0
Intangible assets,2012-12,7473.0
Intangible assets,2009-12,775.0
Intangible assets,2007-12,447.0
Intangible assets,2013-12,6066.0
Intangible assets,2004-12,194.0
Intangible assets,2005-12,278.0
Intangible assets,2006-12,347.0
Intangible assets,2008-12,997.0
Intangible assets,2010-12,1044.0
Intangible assets,2011-12,1578.0
Inventories,2009-12,
Inventories,2007-12,
Inventories,2011-12,
Inventories,2010-12,
Inventories,2006-12,
Inventories,2012-12,505.0
Inventories,2004-12,
Inventories,2005-12,
Inventories,2013-12,426.0
Inventories,2008-12,
Liabilities,2006-12,
Liabilities,2004-12,
Liabilities,2012-12,
Liabilities,2009-12,
Liabilities,2008-12,
Liabilities,2005-12,
Liabilities,2011-12,
Liabilities,2007-12,
Liabilities,2010-12,
Liabilities,2013-12,
Liabilities and stockholders' equity,2006-12,
Liabilities and stockholders' equity,2004-12,
Liabilities and stockholders' equity,2005-12,
Liabilities and stockholders' equity,2007-12,
Liabilities and stockholders' equity,2008-12,
Liabilities and stockholders' equity,2009-12,
Liabilities and stockholders' equity,2010-12,
Liabilities and stockholders' equity,2011-12,
Liabilities and stockholders' equity,2012-12,
Liabilities and stockholders' equity,2013-12,
Long-term debt,2007-12,
Long-term debt,2004-12,
Long-term debt,2011-12,2986.0
Long-term debt,2012-12,2988.0
Long-term debt,2006-12,
Long-term debt,2008-12,
Long-term debt,2009-12,
Long-term debt,2010-12,
Long-term debt,2005-12,
Long-term debt,2013-12,2236.0
"Net property, plant and equipment",2010-12,7759.0
"Net property, plant and equipment",2008-12,5234.0
"Net property, plant and equipment",2012-12,11854.0
"Net property, plant and equipment",2009-12,4845.0
"Net property, plant and equipment",2013-12,16524.0
"Net property, plant and equipment",2007-12,4039.0
"Net property, plant and equipment",2005-12,962.0
"Net property, plant and equipment",2004-12,379.0
"Net property, plant and equipment",2011-12,9603.0
"Net property, plant and equipment",2006-12,2395.0
Non-current assets,2013-12,
Non-current assets,2010-12,
Non-current assets,2004-12,
Non-current assets,2008-12,
Non-current assets,2005-12,
Non-current assets,2011-12,
Non-current assets,2007-12,
Non-current assets,2012-12,
Non-current assets,2009-12,
Non-current assets,2006-12,
Non-current liabilities,2004-12,
Non-current liabilities,2010-12,
Non-current liabilities,2008-12,
Non-current liabilities,2011-12,
Non-current liabilities,2012-12,
Non-current liabilities,2005-12,
Non-current liabilities,2013-12,
Non-current liabilities,2006-12,
Non-current liabilities,2009-12,
Non-current liabilities,2007-12,
Other current assets,2010-12,750.0
Other current assets,2009-12,23.0
Other current assets,2012-12,700.0
Other current assets,2008-12,
Other current assets,2005-12,
Other current assets,2007-12,145.0
Other current assets,2011-12,745.0
Other current assets,2013-12,508.0
Other current assets,2006-12,
Other current assets,2004-12,71.0
Other current liabilities,2013-12,1374.0
Other current liabilities,2010-12,2361.0
Other current liabilities,2011-12,2007.0
Other current liabilities,2005-12,28.0
Other current liabilities,2009-12,
Other current liabilities,2004-12,
Other current liabilities,2007-12,
Other current liabilities,2008-12,82.0
Other current liabilities,2006-12,0.0
Other current liabilities,2012-12,1673.0
Other long-term assets,2006-12,1146.0
Other long-term assets,2007-12,1228.0
Other long-term assets,2013-12,1976.0
Other long-term assets,2010-12,442.0
Other long-term assets,2004-12,35.0
Other long-term assets,2011-12,499.0
Other long-term assets,2009-12,416.0
Other long-term assets,2005-12,31.0
Other long-term assets,2008-12,519.0
Other long-term assets,2012-12,2011.0
Other long-term liabilities,2012-12,2786.0
Other long-term liabilities,2004-12,44.0
Other long-term liabilities,2009-12,1703.0
Other long-term liabilities,2006-12,89.0
Other long-term liabilities,2010-12,1579.0
Other long-term liabilities,2007-12,611.0
Other long-term liabilities,2013-12,3381.0
Other long-term liabilities,2005-12,72.0
Other long-term liabilities,2008-12,1214.0
Other long-term liabilities,2011-12,2199.0
Prepaid expenses,2006-12,444.0
Prepaid expenses,2004-12,159.0
Prepaid expenses,2009-12,836.0
Prepaid expenses,2008-12,1404.0
Prepaid expenses,2013-12,2827.0
Prepaid expenses,2010-12,1326.0
Prepaid expenses,2007-12,694.0
Prepaid expenses,2005-12,230.0
Prepaid expenses,2011-12,1745.0
Prepaid expenses,2012-12,2132.0
"Property, plant and equipment",2006-12,
"Property, plant and equipment",2011-12,
"Property, plant and equipment",2013-12,
"Property, plant and equipment",2008-12,
"Property, plant and equipment",2012-12,
"Property, plant and equipment",2009-12,
"Property, plant and equipment",2010-12,
"Property, plant and equipment",2007-12,
"Property, plant and equipment",2004-12,
"Property, plant and equipment",2005-12,
Receivables,2006-12,1322.0
Receivables,2013-12,8882.0
Receivables,2011-12,5427.0
Receivables,2012-12,7885.0
Receivables,2008-12,2642.0
Receivables,2010-12,4252.0
Receivables,2004-12,312.0
Receivables,2009-12,3178.0
Receivables,2005-12,688.0
Receivables,2007-12,2163.0
Retained earnings,2012-12,48342.0
Retained earnings,2004-12,590.0
Retained earnings,2013-12,61262.0
Retained earnings,2010-12,27868.0
Retained earnings,2009-12,20082.0
Retained earnings,2007-12,9335.0
Retained earnings,2011-12,37605.0
Retained earnings,2005-12,2056.0
Retained earnings,2008-12,13562.0
Retained earnings,2006-12,5133.0
Short-term debt,2012-12,2549.0
Short-term debt,2007-12,
Short-term debt,2010-12,3465.0
Short-term debt,2011-12,1218.0
Short-term debt,2006-12,
Short-term debt,2005-12,
Short-term debt,2013-12,3009.0
Short-term debt,2008-12,
Short-term debt,2009-12,
Short-term debt,2004-12,2.0
Short-term investments,2010-12,21345.0
Short-term investments,2011-12,34643.0
Short-term investments,2012-12,33310.0
Short-term investments,2008-12,7189.0
Short-term investments,2004-12,1705.0
Short-term investments,2013-12,39819.0
Short-term investments,2006-12,7699.0
Short-term investments,2009-12,14287.0
Short-term investments,2005-12,4157.0
Short-term investments,2007-12,8137.0
Stockholders' equity,2009-12,
Stockholders' equity,2013-12,
Stockholders' equity,2010-12,
Stockholders' equity,2008-12,
Stockholders' equity,2012-12,
Stockholders' equity,2005-12,
Stockholders' equity,2011-12,
Stockholders' equity,2004-12,
Stockholders' equity,2006-12,
Stockholders' equity,2007-12,
Taxes payable,2008-12,
Taxes payable,2009-12,
Taxes payable,2007-12,
Taxes payable,2010-12,37.0
Taxes payable,2006-12,
Taxes payable,2011-12,197.0
Taxes payable,2005-12,
Taxes payable,2012-12,240.0
Taxes payable,2004-12,
Taxes payable,2013-12,24.0
Total assets,2007-12,25336.0
Total assets,2010-12,57851.0
Total assets,2011-12,72574.0
Total assets,2008-12,31768.0
Total assets,2013-12,110920.0
Total assets,2006-12,18473.0
Total assets,2005-12,10272.0
Total assets,2012-12,93798.0
Total assets,2004-12,3313.0
Total assets,2009-12,40497.0
Total cash,2006-12,11244.0
Total cash,2011-12,44626.0
Total cash,2005-12,8034.0
Total cash,2004-12,2132.0
Total cash,2012-12,48088.0
Total cash,2009-12,24485.0
Total cash,2013-12,58717.0
Total cash,2007-12,14219.0
Total cash,2010-12,34975.0
Total cash,2008-12,15846.0
Total current assets,2005-12,9001.0
Total current assets,2007-12,17289.0
Total current assets,2012-12,60454.0
Total current assets,2008-12,20178.0
Total current assets,2009-12,29167.0
Total current assets,2006-12,13040.0
Total current assets,2011-12,52758.0
Total current assets,2004-12,2693.0
Total current assets,2010-12,41562.0
Total current assets,2013-12,72886.0
Total current liabilities,2012-12,14337.0
Total current liabilities,2009-12,2747.0
Total current liabilities,2005-12,745.0
Total current liabilities,2013-12,15908.0
Total current liabilities,2007-12,2036.0
Total current liabilities,2010-12,9996.0
Total current liabilities,2004-12,340.0
Total current liabilities,2008-12,2302.0
Total current liabilities,2011-12,8913.0
Total current liabilities,2006-12,1305.0
Total liabilities,2012-12,22083.0
Total liabilities,2005-12,853.0
Total liabilities,2011-12,14429.0
Total liabilities,2010-12,11610.0
Total liabilities,2006-12,1434.0
Total liabilities,2004-12,384.0
Total liabilities,2009-12,4493.0
Total liabilities,2008-12,3529.0
Total liabilities,2007-12,2646.0
Total liabilities,2013-12,23611.0
Total liabilities and stockholders' equity,2006-12,18473.0
Total liabilities and stockholders' equity,2009-12,40497.0
Total liabilities and stockholders' equity,2004-12,3313.0
Total liabilities and stockholders' equity,2011-12,72574.0
Total liabilities and stockholders' equity,2013-12,110920.0
Total liabilities and stockholders' equity,2010-12,57851.0
Total liabilities and stockholders' equity,2007-12,25336.0
Total liabilities and stockholders' equity,2005-12,10272.0
Total liabilities and stockholders' equity,2008-12,31768.0
Total liabilities and stockholders' equity,2012-12,93798.0
Total non-current assets,2005-12,1271.0
Total non-current assets,2004-12,620.0
Total non-current assets,2009-12,11330.0
Total non-current assets,2006-12,5434.0
Total non-current assets,2012-12,33344.0
Total non-current assets,2010-12,16289.0
Total non-current assets,2008-12,11589.0
Total non-current assets,2013-12,38034.0
Total non-current assets,2007-12,8047.0
Total non-current assets,2011-12,19816.0
Total non-current liabilities,2009-12,1745.0
Total non-current liabilities,2012-12,7746.0
Total non-current liabilities,2006-12,129.0
Total non-current liabilities,2010-12,1614.0
Total non-current liabilities,2007-12,611.0
Total non-current liabilities,2008-12,1227.0
Total non-current liabilities,2004-12,44.0
Total non-current liabilities,2013-12,7703.0
Total non-current liabilities,2005-12,107.0
Total non-current liabilities,2011-12,5516.0
Total stockholders' equity,2010-12,46241.0
Total stockholders' equity,2011-12,58145.0
Total stockholders' equity,2006-12,17040.0
Total stockholders' equity,2004-12,2929.0
Total stockholders' equity,2012-12,71715.0
Total stockholders' equity,2009-12,36004.0
Total stockholders' equity,2013-12,87309.0
Total stockholders' equity,2007-12,22690.0
Total stockholders' equity,2005-12,9419.0
Total stockholders' equity,2008-12,28239.0
